{
  "home": {
    "x": -24913,
    "y": 63,
    "z": 7476,
    "yaw": 4.710335629922677,
    "pitch": -0.0001767723075301042
  }
}